"Australian Collectors, Co.",Victoria,Australia
"Clover Collections, Co.",,Ireland
"UK Collectables, Ltd.",,UK
"King Kong Collectables, Co.",,Hong Kong
Heintze Collectables,,Denmark
"Royal Canadian Collectables, Ltd.",BC,Canada
BG&E Collectables,,Switzerland
Reims Collectables,,France
Precious Collectables,,Switzerland
Salzburg Collectables,,Austria
"Tokyo Collectables, Ltd",Tokyo,Japan
Stuttgart Collectable Exchange,,Germany
"Bavarian Collectables Imports, Co.",,Germany
"Australian Collectables, Ltd",Victoria,Australia
"Kremlin Collectables, Co.",,Russia
